mandana,7.5
hamid,6.066666666666666
sina,11.285714285714286
sara,9.75
soheila,7.833333333333333
ali,5.0
sarvin,11.375

