ali,5.0
hamid,6.066666666666666
mandana,7.5
soheila,7.833333333333333
sara,9.75
sina,11.285714285714286
sarvin,11.375
ameneh,12.5
babak,12.5
shahla,12.5
hossein,16.666666666666668
mona,16.666666666666668
